downwards a,forwards a,downwards v,forwards v
0.0,0.004857649659121873,0.0,3011.4709248999998
