downwards a,forwards a,downwards v,forwards v
0.005547205284363294,-0.0851583006460195,-229.0336386675484,3516.025540767698
