downwards a,forwards a,downwards v,forwards v
[0.00554721],[-0.0851583],-229.0336386675484,3516.025540767698
